circuito,Circuito,LONGITUD,LATITUD,ganador,votos ganador,votos segundo,% ganador,diferencia % con el segundo,CAMBIEMOS,UNION POR CORDOBA,FRENTE CORDOBA CIUDADANA,FRENTE DE IZQUIERDA Y DE LOS TRABAJADORES,IZQUIERDA AL FRENTE POR EL SOCIALISMO,CONSTRUC.SOCIAL PARTICIPATIVA,PRIMERO LA GENTE,ENCUENTRO VECINAL CORDOBA,POLITICA ABIERTA PARA LA INTEGRIDAD SOCIAL,SOMOS,ENCUENTRO VECINAL CORDOBA
160,ACHIRAS,"-64,9944493","-33,17775535",CAMBIEMOS,917,479,"49,80988593","23,79141771",917,479,187,44,48,28,19,23,59,22,15
161,ADELIA MARIA,"-64,02144326","-33,6323453",CAMBIEMOS,2216,1165,"53,83867833","25,53449951",2216,1165,319,78,89,55,45,20,67,27,35
31A,AGUA DE ORO,"-64,29556543","-31,05918661",CAMBIEMOS,799,267,"47,98798799","31,95195195",799,267,242,122,43,19,38,62,18,29,26
162,ALCIRA,"-64,33784763","-32,75808531",CAMBIEMOS,1642,925,"44,74114441","19,53678474",1642,925,415,67,63,202,45,186,76,17,32
102,ALEJANDRO,"-63,71762873","-33,35357908",UNION POR CORDOBA,1511,1229,"44,50662739","8,306332842",1229,1511,265,57,60,41,28,95,60,22,27
119,ALEJO LEDESMA,"-62,62389277","-33,60838039",UNION POR CORDOBA,937,896,"43,19963117","1,890272015",896,937,115,24,34,20,34,57,30,9,13
277,ALICIA,"-62,46580049","-31,93974206",UNION POR CORDOBA,1075,714,"53,16518299","17,85361029",714,1075,33,39,27,94,8,9,17,1,5
336,ALMAFUERTE,"-64,25496578","-32,19167783",CAMBIEMOS,3025,2930,"40,38179148","1,268188493",3025,2930,731,258,145,75,79,90,72,30,56
163,ALPA CORRAL,"-64,74156838","-32,66503569",CAMBIEMOS,379,193,"48,77734878","23,93822394",379,193,102,23,21,18,10,11,11,4,5
316,ALTA GRACIA,"-64,42880601","-31,65866369",CAMBIEMOS,12456,9116,"42,80706578","11,47845213",12456,9116,2930,1233,690,361,539,597,272,539,365
372,ALTO ALEGRE,"-62,88468381","-32,34603155",CAMBIEMOS,299,195,"39,70783533","13,81142098",299,195,150,14,20,10,14,9,29,3,10
46B,ALTO DE LOS QUEBRACHOS,"-65,03823875","-30,54184693",CAMBIEMOS,66,11,"76,74418605","63,95348837",66,11,5,0,1,0,1,0,2,0,0
278,ALTOS DE CHIPION,"-62,33789675","-30,95731339",UNION POR CORDOBA,654,546,"50,07656968","8,269525268",546,654,39,9,15,8,11,4,6,3,11
260,AMBUL,"-65,05482464","-31,48973531",UNION POR CORDOBA,265,231,"43,08943089","5,528455285",231,265,42,15,11,8,10,7,15,8,3
372A,ANA ZUMARAN,"-63,05590607","-32,39128609",CAMBIEMOS,73,23,"55,72519084","38,16793893",73,23,15,5,8,0,2,0,5,0,0
316A,ANIZACATE,"-64,4118248","-31,72062959",CAMBIEMOS,1306,761,"41,35528816","17,25775807",1306,761,481,190,96,28,106,86,41,29,34
120,ARIAS,"-62,40279269","-33,64221077",CAMBIEMOS,2709,784,"65,27710843","46,38554217",2709,784,258,69,81,37,44,48,60,36,24
279,ARROYITO,"-62,97336441","-31,40491029",CAMBIEMOS,6627,5460,"46,44008409","8,177995795",6627,5460,821,233,215,89,110,309,167,153,86
73,ARROYO ALGODON,"-63,16267594","-32,20224553",UNION POR CORDOBA,446,305,"50,85518814","16,07753706",305,446,49,12,22,4,7,5,16,6,5
74,ARROYO CABRAL,"-63,40147363","-32,48999224",CAMBIEMOS,1453,294,"64,83712628","51,71798304",1453,294,215,53,50,21,22,12,78,19,24
263C,ARROYO DE LOS PATOS,"-65,00369382","-31,76288923",UNION POR CORDOBA,205,180,"41,66666667","5,081300813",180,205,46,21,7,7,5,5,10,3,3
337,ASCASUBI,"-63,88910659","-32,16360832",UNION POR CORDOBA,964,683,"52,39130435","15,27173913",683,964,78,23,21,14,14,11,16,6,10
103,ASSUNTA,"-63,22564307","-33,63444747",CAMBIEMOS,19,18,"42,22222222","2,222222222",19,18,4,1,1,0,1,0,1,0,0
195,ATAHONA,"-63,70661585","-30,90335788",UNION POR CORDOBA,71,20,"72,44897959","52,04081633",20,71,3,1,2,0,0,0,0,1,0
75,AUSONIA,"-63,24329647","-32,66230608",UNION POR CORDOBA,427,249,"57,46971736","23,95693136",249,427,23,8,6,1,2,5,14,5,3
91,AVELLANEDA,"-64,20674487","-30,59508545",UNION POR CORDOBA,174,119,"49,71428571","15,71428571",119,174,33,3,4,1,6,1,8,0,1
164,BAIGORRIA,"-64,3594775","-32,84942949",CAMBIEMOS,630,386,"49,02723735","18,98832685",630,386,146,18,31,29,8,6,13,5,13
373,BALLESTEROS,"-62,98330113","-32,54639097",CAMBIEMOS,1249,600,"46,83164604","24,33445819",1249,600,489,59,61,36,34,24,69,23,23
374,BALLESTEROS SUD,"-63,02703884","-32,58960954",CAMBIEMOS,289,103,"56,11650485","36,11650485",289,99,103,6,3,1,2,2,3,6,1
280,BALNEARIA,"-62,66668818","-31,01083168",CAMBIEMOS,1672,1497,"44,11609499","4,617414248",1672,1497,282,68,73,53,30,30,50,19,16
42,BAÑADO DE SOTO,"-65,05861491","-30,78897169",UNION POR CORDOBA,223,41,"76,89655172","62,75862069",41,223,11,3,1,0,2,1,3,0,5
375,BELL VILLE,"-62,68911563","-32,62957567",CAMBIEMOS,10512,5420,"52,60734661","25,48293464",10512,5420,2101,476,326,264,180,211,233,131,128
105,BENGOLEA,"-63,67164063","-33,02757676",CAMBIEMOS,336,240,"49,12280702","14,03508772",336,240,57,7,12,6,3,1,12,3,7
166,BERROTARAN,"-64,39018663","-32,45043133",CAMBIEMOS,2155,1185,"50,93358544","22,92602222",2155,1185,432,99,72,86,43,39,61,19,40
147,BIALET MASSE,"-64,48340658","-31,31896647",CAMBIEMOS,1903,1002,"45,87753134","21,72131148",1903,1002,577,231,96,56,71,75,58,27,52
376,BISMARCK,"-62,7150255","-33,30068936",UNION POR CORDOBA,208,116,"61,53846154","27,21893491",116,208,5,1,1,1,2,0,2,2,0
319,BOUWER,"-64,15917233","-31,53077506",CAMBIEMOS,385,301,"36,80688337","8,030592734",385,301,130,67,26,11,30,52,20,5,19
377,BREMEN,"-62,73145916","-33,46445735",UNION POR CORDOBA,131,50,"65,82914573","40,70351759",50,131,13,1,1,2,0,0,0,1,0
282,BRINKMANN,"-62,03566287","-30,86747959",UNION POR CORDOBA,3637,1871,"58,40693753","28,36036615",1871,3637,416,68,54,32,31,26,56,18,18
261,BROCHERO,"-65,01908971","-31,70735017",CAMBIEMOS,1717,1210,"44,34400826","13,09400826",1717,1210,456,152,73,48,49,46,55,21,45
59,BUCHARDO,"-63,50703314","-34,7237856",CAMBIEMOS,518,259,"52,06030151","26,03015075",518,259,76,29,41,9,12,9,25,11,6
167,BULNES,"-64,67720977","-33,5043356",UNION POR CORDOBA,422,296,"53,96419437","16,11253197",296,422,21,7,10,6,3,6,9,1,1
158A,CABALANGO,"-64,55925256","-31,38991562",CAMBIEMOS,153,118,"38,93129771","8,905852417",153,118,67,16,9,5,8,4,3,6,4
230,CALCHIN,"-63,19940732","-31,66863916",CAMBIEMOS,942,446,"60,1532567","31,67305236",942,446,77,22,23,5,15,8,14,6,8
230A,CALCHIN OESTE,"-63,27797443","-31,8624135",CAMBIEMOS,293,163,"58,13492063","25,79365079",293,163,9,8,9,5,6,3,2,0,6
28,CALERA,"-64,33679673","-31,34512938",UNION POR CORDOBA,3276,3244,"37,68982973","0,3681546249",3244,3276,639,412,248,107,179,270,75,149,93
25A,CALMAYO,"-64,46414885","-32,02474113",CAMBIEMOS,45,16,"57,69230769","37,17948718",45,16,6,2,2,0,2,3,0,1,1
123,CAMILO ALDAO,"-62,09562397","-33,12753856",CAMBIEMOS,1475,849,"53,05755396","22,51798561",1475,849,199,42,49,35,35,18,39,26,13
333,CAMINIAGA,"-64,05077284","-30,06748875",CAMBIEMOS,182,117,"57,96178344","20,70063694",182,117,7,2,3,0,2,0,1,0,0
351,CAÑADA DE LUQUE,"-63,72471074","-30,73750812",CAMBIEMOS,562,150,"72,98701299","53,50649351",562,150,18,9,9,7,2,3,5,3,2
92,CAÑADA DE RIO PINTO,"-64,21828984","-30,77738826",CAMBIEMOS,150,58,"60,24096386","36,94779116",150,58,17,6,4,1,7,1,3,1,1
378,CANALS,"-62,88559551","-33,56342181",CAMBIEMOS,2587,1096,"53,48356419","30,82489146",2587,1096,659,95,87,77,46,51,78,24,37
350,CANDELARIA,"-63,80096935","-30,83877898",CAMBIEMOS,213,33,"80,68181818","68,18181818",213,33,8,0,3,0,0,1,3,2,1
223,CANDELARIA NORTE,"-63,35478636","-29,81636212",CAMBIEMOS,188,51,"66,43109541","48,40989399",188,51,11,4,5,3,8,0,8,2,3
135,CAP.B.O HIGGINS,"-62,26974685","-33,24823489",UNION POR CORDOBA,155,45,"65,12605042","46,21848739",45,155,24,3,3,0,0,3,4,0,1
231,CAPILLA DEL CARMEN,"-63,34254559","-31,50832925",CAMBIEMOS,183,79,"62,24489796","35,37414966",183,79,14,3,3,6,0,2,2,0,2
148,CAPILLA DEL MONTE,"-64,52586387","-30,85679734",CAMBIEMOS,2866,1574,"42,27138643","19,0560472",2866,1574,1134,443,229,79,86,103,71,57,138
379,CARCANO,"-63,10181868","-32,49245538",CAMBIEMOS,5,2,50,30,5,2,2,0,1,0,0,0,0,0,0
107,CARNERILLO,"-64,02506633","-32,91438238",UNION POR CORDOBA,709,471,"51,82748538","17,39766082",471,709,73,19,17,14,25,10,18,6,6
232,CARRILOBO,"-63,11650904","-31,87263349",CAMBIEMOS,597,405,"50,50761421","16,24365482",597,405,57,23,9,10,16,28,22,4,11
149,CASA GRANDE,"-64,47837932","-31,15392428",CAMBIEMOS,189,131,"37,13163065","11,39489194",189,102,131,36,15,1,8,7,1,5,14
124,CAVANAGH,"-62,3386924","-33,47834433",CAMBIEMOS,289,218,"40,30683403","9,90237099",289,218,140,9,14,8,10,9,11,1,8
227B,CERRO COLORADO,"-63,93018073","-30,09724058",CAMBIEMOS,107,71,"42,29249012","14,22924901",107,58,71,5,1,3,2,2,2,1,1
168,CHAJAN,"-65,00430843","-33,55629599",UNION POR CORDOBA,354,184,"60,51282051","29,05982906",184,354,14,6,10,4,3,2,2,4,2
335,CHAÑAR,"-63,94322859","-29,78758061",UNION POR CORDOBA,964,392,"61,63682864","36,57289003",392,964,89,29,12,10,12,11,24,12,9
227C,CHAÑAR VIEJO,"-63,85339573","-29,99894735",UNION POR CORDOBA,95,26,"66,90140845","48,5915493",26,95,10,1,1,1,2,2,4,0,0
144,CHANCANI,"-65,45137927","-31,41646771",UNION POR CORDOBA,213,65,"57,88043478","40,2173913",43,213,65,11,13,4,6,4,6,3,0
151,CHARBONIER,"-64,54289632","-30,77576737",UNION POR CORDOBA,255,86,"53,57142857","35,50420168",86,255,64,37,14,4,5,5,0,2,4
108,CHARRAS,"-64,04625","-33,02406304",UNION POR CORDOBA,413,281,"52,01511335","16,62468514",281,413,39,7,10,11,9,3,12,4,5
76,CHAZON,"-63,27577122","-33,07763562",CAMBIEMOS,514,137,"65,14575412","47,78200253",514,137,83,9,16,8,3,4,7,3,5
382,CHILIBROSTE,"-62,51360539","-32,33360465",UNION POR CORDOBA,290,133,"63,31877729","34,27947598",133,290,12,2,5,5,2,3,2,3,1
169,CHUCUL,"-64,16972113","-33,00958492",CAMBIEMOS,191,60,"56,67655786","38,87240356",191,60,45,7,8,12,0,2,5,3,4
94,CHUÑA,"-64,66888072","-30,4684554",UNION POR CORDOBA,243,97,"61,51898734","36,96202532",97,243,29,2,8,2,5,0,6,2,1
360,CHURQUI CAÑADA,"-63,92664353","-30,1697841",UNION POR CORDOBA,61,28,"62,88659794","34,02061856",28,61,4,0,0,1,0,1,1,1,0
138,CIENAGA DEL CORO,"-65,28273075","-31,04062843",UNION POR CORDOBA,255,145,"50,5952381","21,82539683",145,255,61,5,11,7,5,2,11,1,1
381,CINTRA,"-62,65311903","-32,30915402",CAMBIEMOS,381,366,"43,54285714","1,714285714",381,366,49,10,12,17,10,8,13,8,1
337A,CNIA ALMADA,"-63,86419915","-32,03382953",UNION POR CORDOBA,198,193,"44,69525959","1,128668172",193,198,19,10,1,4,8,4,2,2,2
233,COLAZO,"-63,38272228","-31,96467949",CAMBIEMOS,487,243,"51,80851064","25,95744681",487,243,92,38,20,9,11,10,15,9,6
291A,COLONIA ANITA,"-62,23426409","-31,1200032",CAMBIEMOS,37,4,"84,09090909",75,37,4,0,1,0,1,0,0,0,1,0
29,COLONIA CAROYA,"-64,0667175","-31,01819484",CAMBIEMOS,6180,3306,"53,85151621","25,04356919",6180,3306,725,366,256,78,162,169,88,47,99
201,COLONIA LAS CUATRO ESQUINAS,"-63,2231595","-31,20801773",CAMBIEMOS,56,39,"57,14285714","17,34693878",56,39,3,0,0,0,0,0,0,0,0
283A,COLONIA PICHANAS,"-62,92590493","-31,24574458",CAMBIEMOS,102,24,"76,69172932","58,64661654",102,24,2,0,2,1,1,0,0,1,0
30,COLONIA TIROLESA,"-64,0408946","-31,14237877",CAMBIEMOS,2256,1068,"53,43439128","28,13832307",2256,1068,346,140,70,53,97,118,26,13,35
294A,COLONIA VALTELINA,"-62,23544349","-31,05315307",UNION POR CORDOBA,69,52,"51,11111111","12,59259259",52,69,2,2,2,1,1,1,3,1,1
33A,COLONIA VICENTE AGÜERO,"-64,01850176","-31,02870266",CAMBIEMOS,135,32,"73,36956522","55,97826087",135,32,2,3,4,0,1,3,2,1,1
208,COMECHINGONES,"-63,60591205","-31,17089639",CAMBIEMOS,108,68,"52,94117647","19,60784314",108,68,12,2,3,2,5,0,3,1,0
283,CONCEPCION,"-62,81448053","-31,32136161",UNION POR CORDOBA,532,296,"45,0465707","19,9830652",296,532,269,15,13,11,11,10,12,7,5
267,CONLARA,"-65,22969397","-32,07819038",UNION POR CORDOBA,227,37,"74,91749175","62,70627063",37,227,12,5,1,1,4,5,8,2,1
93,COPACABANA,"-64,50085176","-30,64334359",UNION POR CORDOBA,170,57,"68,27309237","45,3815261",57,170,6,3,7,1,2,1,1,1,0
125,CORRAL DE BUSTOS,"-62,18545745","-33,28265298",CAMBIEMOS,3176,2053,"49,78056426","17,60188088",3176,2053,471,108,93,37,259,23,86,30,44
397A,CORRAL DEL BAJO,"-63,03291025","-32,81416346",UNION POR CORDOBA,2,1,50,25,1,2,0,0,0,0,0,0,0,0,1
338,CORRALITO,"-64,19314529","-32,02625523",UNION POR CORDOBA,750,451,"56,13772455","22,38023952",451,750,71,17,14,4,6,4,9,2,8
150,COSQUIN,"-64,47245239","-31,21888622",CAMBIEMOS,5382,3557,"41,71122995","14,14399752",5382,3557,1862,760,304,139,207,211,138,159,184
234,COSTA SACATE,"-63,75988735","-31,64808181",CAMBIEMOS,559,210,"56,98267074","35,57594292",559,210,130,24,22,4,7,6,7,4,8
126,CRUZ ALTA,"-61,81098492","-33,00801666",CAMBIEMOS,2005,1773,"46,44429002","5,374102386",2005,1773,211,71,84,25,25,23,56,17,27
43B,CRUZ DE CAÑA,"-64,94096565","-31,0669012",CAMBIEMOS,55,50,"49,10714286","4,464285714",55,50,4,0,0,1,1,0,1,0,0
44,CRUZ DEL EJE,"-64,80625553","-30,72271137",UNION POR CORDOBA,6117,5452,"39,85795269","4,333094416",5452,6117,2242,319,285,159,185,162,205,109,112
156B,CUESTA BLANCA,"-64,58374012","-31,47637247",CAMBIEMOS,109,72,"33,53846154","11,38461538",109,72,67,47,8,2,4,7,2,4,3
339,DALMACIO VELEZ,"-63,58161593","-32,61128751",UNION POR CORDOBA,403,337,"41,50360453","6,797116375",337,403,106,11,20,29,12,8,31,6,8
95,DEAN FUNES,"-64,35165741","-30,42387902",CAMBIEMOS,4453,4054,"37,20755348","3,333890374",4453,4054,1688,410,305,105,145,186,419,93,110
109,DEHEZA,"-63,78531521","-32,7559564",CAMBIEMOS,3234,1751,"50,50757457","23,16101827",3234,1751,576,150,155,70,55,173,134,44,61
60,DEL CAMPILLO,"-64,49650345","-34,37523925",CAMBIEMOS,1226,607,"56,62817552","28,59122402",1226,607,176,25,33,12,29,16,27,6,8
323,DESPEÑADEROS,"-64,29259445","-31,81511103",CAMBIEMOS,1815,1735,"42,47601217","1,872220922",1815,1735,327,106,59,44,45,71,29,17,25
285,DEVOTO,"-62,30614677","-31,40495635",UNION POR CORDOBA,2160,1231,"53,82506853","23,14976327",1231,2160,369,63,52,22,26,25,32,10,23
200,DIEGO DE ROJAS,"-63,34007633","-31,02849599",CAMBIEMOS,169,154,"48,42406877","4,297994269",169,154,3,6,4,3,2,2,4,2,0
288,EL ARAÑADO,"-62,89387779","-31,74151688",UNION POR CORDOBA,956,401,"65,61427591","38,0919698",401,956,40,14,15,7,5,3,9,2,5
45,EL BRETE,"-64,87459317","-30,67457436",CAMBIEMOS,496,178,"56,04519774","35,93220339",496,178,94,18,18,8,22,9,29,8,5
141A,EL CHACHO,"-65,6560511","-30,79930426",UNION POR CORDOBA,50,15,"62,5","43,75",15,50,8,0,2,0,1,0,4,0,0
212B,EL CRISPIN,"-63,60596239","-31,01914318",UNION POR CORDOBA,83,79,"46,89265537","2,259887006",79,83,8,0,0,1,1,0,2,2,1
289,EL FORTIN,"-62,3007425","-31,96926685",UNION POR CORDOBA,489,295,"55,12965051","21,87147689",295,489,42,9,6,9,11,7,10,2,7
31,EL MANZANO,"-64,29805939","-31,08395384",UNION POR CORDOBA,330,232,"42,25352113","12,54801536",232,330,119,29,13,6,20,9,12,7,4
110,EL RASTREADOR,"-63,53833581","-33,66527227",CAMBIEMOS,16,13,"39,02439024","7,317073171",16,7,13,2,0,0,0,1,2,0,0
360A,EL RODEO,"-63,86493178","-30,1760914",UNION POR CORDOBA,112,45,"68,29268293","40,85365854",45,112,4,0,0,0,1,0,2,0,0
290,EL TIO,"-62,8286555","-31,38451682",UNION POR CORDOBA,748,481,"55,48961424","19,80712166",481,748,42,14,21,10,7,9,11,0,5
170,ELENA,"-64,39293487","-32,57307804",CAMBIEMOS,818,567,"42,23025297","12,95818276",818,567,135,50,27,252,24,17,22,15,10
17,EMBALSE,"-64,40060657","-32,20750931",UNION POR CORDOBA,2151,1683,"42,95127796","9,345047923",1683,2151,505,192,124,42,47,73,94,39,58
385,ESCALANTE,"-62,77000219","-33,1730531",CAMBIEMOS,421,388,"43,00306435","3,370786517",421,388,56,21,14,10,10,9,22,15,13
202,ESQUINA,"-63,79364927","-31,07780226",UNION POR CORDOBA,153,75,"64,83050847","33,05084746",75,153,5,1,1,0,0,0,1,0,0
138C,ESTANCIA DE GUADALUPE,"-65,21679088","-31,12849156",UNION POR CORDOBA,124,38,"63,91752577","44,32989691",38,124,20,2,3,0,3,0,3,0,1
158B,ESTANCIA VIEJA,"-64,52669121","-31,38690709",CAMBIEMOS,427,192,"47,02643172","25,88105727",427,192,107,57,32,5,29,17,18,9,15
77,ETRURIA,"-63,24725467","-32,94154001",CAMBIEMOS,966,820,"47,72727273","7,213438735",966,820,69,25,36,10,13,21,37,7,20
229A,EUFRASIO LOZA,"-63,58936485","-29,92491841",CAMBIEMOS,102,16,"75,55555556","63,7037037",102,16,7,2,2,1,3,0,1,1,0
324,FALDA DEL CARMEN,"-64,46261324","-31,586612",CAMBIEMOS,377,293,"40,23479189","8,964781217",377,293,102,32,28,13,27,19,6,26,14
291,FREYRE,"-62,09761034","-31,16537151",UNION POR CORDOBA,2342,1498,"54,97652582","19,81220657",1498,2342,160,39,40,30,36,27,45,14,29
349A,GENERAL FOTHERINGHAM,"-63,86838532","-32,32227021",UNION POR CORDOBA,133,129,"46,66666667","1,403508772",129,133,4,7,2,0,2,3,3,1,1
32,GENERAL PAZ,"-64,14099134","-31,13508195",CAMBIEMOS,581,491,"42,9098966","6,646971935",581,491,121,56,31,12,15,15,15,10,7
386,GOULD,"-62,72974482","-33,59092011",UNION POR CORDOBA,290,75,"63,31877729","46,94323144",66,290,75,2,4,0,4,5,10,0,2
46,GUANACO MUERTO,"-65,06209232","-30,47883272",UNION POR CORDOBA,149,74,"45,98765432","23,14814815",74,149,60,7,7,4,8,2,8,3,2
127,GUATIMOZIN,"-62,43790158","-33,46166369",CAMBIEMOS,1033,229,"69,98644986","54,47154472",1033,229,100,21,24,16,10,11,16,5,11
225,GUTEMBERG,"-63,51508714","-29,7220003",UNION POR CORDOBA,331,76,"67,00404858","51,6194332",76,331,34,3,24,2,6,0,13,5,0
340,HERNANDO,"-63,73185151","-32,42555462",CAMBIEMOS,3957,1783,"57,98651817","31,85814771",3957,1783,370,177,132,58,87,60,94,38,68
111,HUANCHILLA,"-63,636715","-33,66629897",CAMBIEMOS,332,257,"45,04748982","10,17639077",332,257,89,4,14,8,9,6,13,2,3
152,HUERTA GRANDE,"-64,49300087","-31,06988781",CAMBIEMOS,1484,1260,"39,22812583","5,92122654",1484,1260,473,174,79,43,80,54,49,27,60
61,HUINCA RENANCO,"-64,37247378","-34,84080227",CAMBIEMOS,2194,1253,"49,04985468","21,03733512",2194,1253,600,79,85,25,47,46,80,25,39
387,IDIAZABAL,"-63,04760499","-33,53904748",UNION POR CORDOBA,505,419,"48,83945841","8,3172147",419,505,47,11,11,2,15,4,8,6,6
128,INRIVILLE,"-62,23062625","-32,9440782",UNION POR CORDOBA,1304,954,"50,07680492","13,44086022",954,1304,232,33,15,8,7,9,23,6,13
129,ISLA VERDE,"-62,40372379","-33,24005315",CAMBIEMOS,1156,679,"48,57142857","20,04201681",1156,679,252,52,57,20,27,26,71,15,25
62,ITALO,"-63,7818456","-34,7906095",CAMBIEMOS,314,154,"45,97364568","23,42606149",314,154,149,9,12,6,8,6,12,8,5
292,ITURRASPE,"-62,11055226","-31,20792047",UNION POR CORDOBA,26,21,"46,42857143","8,928571429",21,26,2,0,1,1,1,1,1,1,1
341,JAMES CRAIK,"-63,46577566","-32,16178581",CAMBIEMOS,1480,1030,"47,819063","14,53957997",1480,1030,195,97,76,21,37,42,62,26,29
33,JESUS MARIA,"-64,09576257","-30,9821558",CAMBIEMOS,11227,4197,"58,84480319","36,84679491",11227,4197,1455,644,389,195,271,259,176,115,151
63,JOVITA,"-63,94329953","-34,51799524",CAMBIEMOS,1852,694,"66,33237822","41,4756447",1852,694,75,29,34,24,23,17,25,14,5
34,JUAREZ CELMAN,"-64,16410035","-31,27522496",UNION POR CORDOBA,3049,2446,"41,57349332","8,22197982",2446,3049,726,377,198,54,164,131,65,67,57
55A,LA BATEA,"-65,30704598","-30,3717406",CAMBIEMOS,40,30,"51,28205128","12,82051282",40,6,30,0,1,0,0,0,0,1,0
112,LA CARLOTA,"-63,29544617","-33,42126811",CAMBIEMOS,3496,2485,"45,50898204","13,16063525",3496,2485,868,169,174,59,87,124,115,47,58
248,LA CESIRA,"-62,97407984","-33,95267213",CAMBIEMOS,6135,3504,"51,08668499","21,90856857",6135,3504,1070,295,248,86,155,120,210,65,121
18,LA CRUZ,"-64,4836325","-32,30321892",CAMBIEMOS,469,201,"54,78971963","31,30841121",469,201,72,24,13,5,22,17,22,6,5
153,LA CUMBRE,"-64,4923889","-30,981427",CAMBIEMOS,2263,1427,"47,85366885","17,67815606",2263,1427,395,179,113,66,72,91,44,28,51
328A,LA CUMBRECITA,"-64,77540536","-31,89683383",UNION POR CORDOBA,250,147,"46,2962963","19,07407407",147,250,55,22,18,10,6,10,10,4,8
364,LA DORMIDA,"-63,94970306","-30,35513398",UNION POR CORDOBA,1226,1057,"42,58423064","5,870093783",1057,1226,273,74,40,27,42,13,52,52,23
154,LA FALDA,"-64,4814706","-31,09391232",CAMBIEMOS,4611,2443,"48,84533898","22,96610169",4611,2443,1043,363,197,109,233,175,91,79,96
293,LA FRANCIA,"-62,63256872","-31,40693874",UNION POR CORDOBA,1446,794,"57,26732673","25,82178218",794,1446,115,35,26,22,33,10,20,8,16
48,LA HIGUERA,"-65,10310082","-31,01282989",UNION POR CORDOBA,144,106,"49,14675768","12,96928328",106,144,27,6,1,0,5,1,1,0,2
78,LA LAGUNA,"-63,24588322","-32,80257755",CAMBIEMOS,503,303,"53,05907173","21,09704641",503,303,66,14,12,5,6,20,13,2,4
316B,LA PAISANITA,"-64,48002302","-31,72085054",UNION POR CORDOBA,47,24,"44,76190476","21,9047619",24,47,21,8,3,0,0,1,0,0,1
351A,LA PAMPA,"-64,27247716","-30,9434955",UNION POR CORDOBA,195,161,"44,01805869","7,674943567",161,195,22,17,16,7,10,1,10,1,3
294,LA PAQUITA,"-62,2150455","-30,90736677",UNION POR CORDOBA,435,198,"63,41107872","34,54810496",198,435,23,3,4,4,5,0,8,3,3
204,LA PARA,"-63,00106683","-30,89349013",UNION POR CORDOBA,529,340,"55,74288725","19,91570074",340,529,23,8,11,13,4,9,5,2,5
269,LA PAZ,"-65,04821135","-32,21746406",UNION POR CORDOBA,1177,467,"56,18138425","33,8902148",467,1177,306,32,33,8,14,6,33,6,13
139B,LA PLAYA,"-65,36080268","-31,00952184",UNION POR CORDOBA,47,26,"45,63106796","20,38834951",26,47,13,0,7,2,2,1,4,1,0
79,LA PLAYOSA,"-63,03127829","-32,10001755",CAMBIEMOS,819,819,"42,30371901",0,819,819,151,23,40,17,17,7,26,12,5
274A,LA POBLACION,"-65,02707935","-32,06508096",UNION POR CORDOBA,183,73,"55,12048193","33,13253012",73,183,35,12,6,2,5,4,6,4,2
197,LA POSTA,"-63,51600905","-30,56610796",UNION POR CORDOBA,177,48,"73,4439834","53,52697095",48,177,8,2,1,0,0,0,4,1,0
205,LA PUERTA,"-63,25326763","-30,89356248",CAMBIEMOS,810,401,"55,93922652","28,24585635",810,401,82,29,51,18,10,7,26,6,8
215A,LA QUINTA,"-63,15167565","-31,06309335",CAMBIEMOS,73,6,"80,21978022","73,62637363",73,5,6,0,0,1,1,3,1,1,0
316C,LA RANCHERITA,"-64,45946756","-31,75465751",UNION POR CORDOBA,46,42,"35,65891473","3,100775194",42,46,26,3,5,0,4,1,0,1,1
316D,LA SERRANITA,"-64,45597321","-31,73515183",CAMBIEMOS,135,89,"40,54054054","13,81381381",135,89,58,25,6,6,4,2,2,3,3
295,LA TORDILLA,"-63,06120255","-31,24203913",UNION POR CORDOBA,483,466,46,"1,619047619",466,483,27,14,10,6,13,9,11,5,6
389,LABORDE,"-62,85598424","-33,15346133",CAMBIEMOS,1669,1396,"44,50666667","7,28",1669,1396,337,82,67,41,23,38,40,20,37
251,LABOULAYE,"-63,38672444","-34,12540292",UNION POR CORDOBA,64,13,"82,05128205","65,38461538",13,64,0,0,0,0,0,0,1,0,0
235,LAGUNA LARGA,"-63,80227376","-31,77707061",CAMBIEMOS,2472,1709,"49,56887909","15,29977943",2472,1709,288,151,66,64,64,56,42,22,53
177,LAS ACEQUIAS,"-63,97656009","-33,28183463",UNION POR CORDOBA,756,652,"43,52331606","5,987334485",652,756,191,19,30,23,22,8,19,9,8
178A,LAS ALBAHACAS,"-64,84350571","-32,89113552",UNION POR CORDOBA,97,89,"34,64285714","2,857142857",89,97,62,3,5,8,4,2,8,0,2
361,LAS ARRIAS,"-63,59503683","-30,37893331",UNION POR CORDOBA,532,304,"49,85941893","21,3683224",304,532,138,21,14,11,7,8,23,4,5
21,LAS BAJADAS,"-64,3313029","-32,09672546",CAMBIEMOS,130,36,"68,78306878","49,73544974",130,36,4,1,5,3,4,5,1,0,0
263D,LAS CALLES,"-64,97332471","-31,82351925",UNION POR CORDOBA,173,103,"47,92243767","19,39058172",103,173,46,14,6,2,4,4,4,1,4
201A,LAS GRAMILLAS,"-63,228388","-31,13249385",CAMBIEMOS,72,27,"68,57142857","42,85714286",72,27,0,3,0,0,0,1,0,1,1
179,LAS HIGUERAS,"-64,28680965","-33,09027128",CAMBIEMOS,2243,1382,"45,43244886","17,43974073",2243,1382,537,193,113,129,42,55,146,54,43
347A,LAS ISLETILLAS,"-63,93026971","-32,51015796",CAMBIEMOS,94,82,"48,70466321","6,21761658",94,82,4,0,0,2,2,5,1,1,2
236,LAS JUNTURAS,"-63,45050697","-31,83108296",UNION POR CORDOBA,598,487,"51,3304721","9,527896996",487,598,29,8,8,5,9,5,7,6,3
145A,LAS PALMAS,"-65,29021551","-31,37947868",UNION POR CORDOBA,62,42,"44,28571429","14,28571429",42,62,27,2,2,0,0,0,5,0,0
180,LAS PEÑAS,"-64,10414426","-32,53554167",CAMBIEMOS,84,55,"54,54545455","18,83116883",84,55,0,2,2,7,0,1,1,1,1
352,LAS PEÑAS,"-63,9996187","-30,56281573",UNION POR CORDOBA,757,389,"61,3452188","29,82171799",389,757,33,5,10,5,4,7,19,1,4
342,LAS PERDICES,"-63,70614632","-32,69893654",CAMBIEMOS,1389,816,"49,51871658","20,42780749",1389,816,258,57,52,40,51,43,51,25,23
44A,LAS PLAYAS,"-64,84201396","-30,71145148",CAMBIEMOS,317,128,"59,14179104","35,26119403",317,128,63,5,6,1,7,4,3,1,1
263E,LAS RABONAS,"-64,9798953","-31,86045983",CAMBIEMOS,219,102,"45,43568465","24,27385892",219,102,83,30,8,6,8,5,11,5,5
207,LAS SALADAS,"-63,20349941","-30,76041841",CAMBIEMOS,99,41,"65,56291391","38,41059603",99,41,4,0,1,1,1,0,3,0,1
271,LAS TAPIAS,"-65,10241792","-31,95242044",UNION POR CORDOBA,559,346,"48,60869565","18,52173913",346,559,88,35,26,15,13,7,37,8,16
297,LAS VARAS,"-62,61571153","-31,8027465",UNION POR CORDOBA,424,365,"47,37430168","6,592178771",365,424,36,5,10,13,9,5,10,10,8
298,LAS VARILLAS,"-62,71845957","-31,87380633",UNION POR CORDOBA,4697,3537,"48,15954065","11,89377627",3537,4697,648,238,125,105,73,96,107,41,86
182,LAS VERTIENTES,"-64,57831275","-33,28196809",CAMBIEMOS,404,225,"57,87965616","25,64469914",404,225,15,12,11,8,5,3,8,2,5
296,LASPIUR,"-62,48315086","-31,70324836",UNION POR CORDOBA,628,603,"45,50724638","1,811594203",603,628,32,19,26,20,14,10,15,3,10
131,LEONES,"-62,29992138","-32,65940617",CAMBIEMOS,3167,1957,"48,29216224","18,45074718",3167,1957,780,140,121,47,64,90,88,36,68
249,LEVALLE,"-63,92252726","-34,01088619",CAMBIEMOS,457,265,"54,66507177","22,96650718",457,265,60,8,5,6,7,5,11,7,5
316E,LOS CEDROS,"-64,2814744","-31,52653976",CAMBIEMOS,314,283,"37,87696019","3,739445115",314,283,95,38,14,6,36,22,6,8,7
275A,LOS CERRILLOS,"-65,44354589","-31,9746364",UNION POR CORDOBA,1271,96,"81,05867347","74,93622449",96,1271,49,24,20,17,33,7,29,12,10
244A,LOS CHAÑARITOS,"-63,33083614","-31,40168846",CAMBIEMOS,114,50,"64,77272727","36,36363636",114,50,1,2,0,2,4,1,0,0,2
50A,LOS CHAÑARITOS,"-64,95569268","-30,55900073",UNION POR CORDOBA,150,143,"33,03964758","1,54185022",143,150,105,5,7,8,10,2,12,10,2
113,LOS CISNES,"-63,47164581","-33,40109602",UNION POR CORDOBA,303,140,"56,74157303","30,52434457",140,303,44,12,4,3,9,4,10,3,2
155A,LOS COCOS,"-64,50780259","-30,92584555",CAMBIEMOS,297,220,"44,32835821","11,49253731",297,220,72,28,20,2,8,8,4,1,10
19,LOS CONDORES,"-64,27859118","-32,32036821",CAMBIEMOS,1119,490,"56,28772636","31,63983903",1119,490,145,52,40,28,23,33,32,9,17
272,LOS HORNILLOS,"-64,98877881","-31,90180705",CAMBIEMOS,303,266,"35,81560284","4,373522459",303,266,156,48,28,8,10,4,11,0,12
226,LOS HOYOS,"-63,6260376","-29,80235964",UNION POR CORDOBA,131,60,"56,22317597","30,472103",60,131,13,3,5,5,6,1,4,3,2
352A,LOS MISTOLES,"-63,88671914","-30,62692212",UNION POR CORDOBA,92,27,"70,22900763","49,61832061",27,92,1,1,1,0,2,0,4,1,2
25B,LOS MOLINOS,"-64,3742425","-31,86070262",UNION POR CORDOBA,141,62,60,"33,61702128",62,141,9,10,4,1,4,1,0,0,3
91B,LOS POZOS,"-64,25252587","-30,51887763",CAMBIEMOS,49,34,"52,68817204","16,12903226",49,34,3,0,0,1,2,0,4,0,0
20,LOS REARTES,"-64,57394851","-31,90894859",CAMBIEMOS,417,212,"42,59448417","20,93973442",417,212,181,55,36,15,15,17,12,9,10
132,LOS SURGENTES,"-61,95201343","-32,88794642",CAMBIEMOS,897,824,"47,03723125","3,828002098",897,824,79,25,16,7,13,6,16,9,15
146C,LOS TALARES,"-65,04993247","-31,38170016",CAMBIEMOS,55,34,"60,43956044","23,07692308",55,34,1,0,0,0,0,0,0,0,1
343,LOS ZORROS,"-63,20140512","-32,04490859",CAMBIEMOS,219,138,"48,02631579","17,76315789",219,138,14,14,17,6,16,12,13,3,4
325,LOZADA,"-64,08620316","-31,64809954",CAMBIEMOS,443,382,"44,79271992","6,167846309",443,382,54,23,15,13,15,17,8,1,18
80,LUCA,"-63,47772815","-32,54038153",UNION POR CORDOBA,180,167,"42,65402844","3,08056872",167,180,31,7,6,1,4,3,18,3,2
366,LUCIO V MANSILLA,"-64,70744199","-29,80504342",UNION POR CORDOBA,387,116,"58,37104072","40,87481146",116,387,28,8,5,14,5,3,94,2,1
237,LUQUE,"-63,34479756","-31,64785783",CAMBIEMOS,2293,1160,"56,51959576","27,92703968",2293,1160,282,77,57,32,39,33,46,19,19
18A,LUTTI,"-64,74758983","-32,31886978",CAMBIEMOS,40,18,"57,97101449","31,88405797",40,18,1,1,2,1,1,4,0,1,0
299,LUXARDO,"-62,228823","-31,30195039",UNION POR CORDOBA,130,88,"54,39330544","17,57322176",88,130,14,1,1,1,0,0,1,2,1
273,LUYABA,"-65,05791004","-32,14922457",UNION POR CORDOBA,485,155,"56,39534884","38,37209302",155,485,128,26,12,8,8,8,20,6,4
326,MALAGUEÑO,"-64,35578286","-31,46301621",CAMBIEMOS,1932,1720,"41,65588616","4,570935748",1932,1720,346,186,77,46,104,96,59,37,35
191A,MALENA,"-64,43207687","-33,48950515",UNION POR CORDOBA,111,77,"49,55357143","15,17857143",77,111,22,1,4,2,1,1,3,2,0
35,MALVINAS ARGENTINAS,"-64,05030815","-31,3686764",CAMBIEMOS,3109,2876,"38,15192048","2,859246533",3109,2876,656,445,222,123,287,186,83,69,93
237A,MANFREDI,"-63,74689835","-31,8448782",UNION POR CORDOBA,370,214,"51,53203343","21,7270195",214,370,74,15,4,4,11,9,9,4,4
209,MAQUINISTA GALLINI,"-63,53211383","-30,90839677",CAMBIEMOS,63,15,"64,28571429","48,97959184",63,15,7,3,4,1,2,0,3,0,0
133,MARCOS JUAREZ,"-62,10188154","-32,69092861",CAMBIEMOS,8310,4752,"53,1465848","22,75518035",8310,4752,1276,274,246,111,212,108,168,73,106
300,MARINA,"-62,36359309","-31,24920774",UNION POR CORDOBA,401,380,"46,73659674","2,447552448",380,401,27,6,18,2,8,2,9,2,3
301,MARULL,"-62,82584333","-30,99548467",CAMBIEMOS,538,460,"47,40088106","6,872246696",538,460,43,10,15,30,10,5,12,7,5
238,MATORRALES,"-63,51237938","-31,71521812",CAMBIEMOS,357,273,"50,71022727","11,93181818",357,273,32,15,5,4,5,4,3,4,2
66,MATTALDI,"-64,17214897","-34,48250396",CAMBIEMOS,639,242,"60,33994334","37,48819641",639,242,70,19,32,4,8,6,22,10,7
156C,MAYU SUMAJ,"-64,54359062","-31,47159493",CAMBIEMOS,354,331,"39,90980834","2,593010147",354,331,84,48,21,7,14,11,9,1,7
50,MEDIA NARANJA,"-64,93250909","-30,63690845",UNION POR CORDOBA,318,141,"56,08465608","31,21693122",141,318,66,7,10,3,3,5,6,5,3
253,MELO,"-63,445738","-34,3489966",UNION POR CORDOBA,408,342,"48,5136742","7,847800238",342,408,52,8,3,5,3,1,10,4,5
40A,MENDIOLAZA,"-64,30382092","-31,26443651",CAMBIEMOS,4061,1153,"50,71178821","36,31368631",4061,1153,1079,485,207,120,353,359,37,55,99
35A,MI GRANJA,"-63,99963423","-31,35108496",UNION POR CORDOBA,409,215,"55,19568151","26,18083671",215,409,33,27,9,4,25,8,3,4,4
262,MINA CLAVERO,"-65,00551316","-31,72776963",CAMBIEMOS,2666,2042,"45,42511501","10,63213495",2666,2042,487,292,108,47,44,48,54,31,50
303,MIRAMAR DE ANSENUZA (el DE ANSEUNZA se agrega en 2017),"-62,67491954","-30,91547315",UNION POR CORDOBA,742,560,"48,46505552","11,88765513",560,742,122,25,15,12,10,15,11,9,10
184,MOLDES,"-64,5987093","-33,62350454",CAMBIEMOS,2803,1272,"51,52573529","28,14338235",2803,1272,753,97,154,97,64,34,86,40,40
134,MONTE BUEY,"-62,45766262","-32,91855284",UNION POR CORDOBA,1901,1647,"45,57660034","6,089666747",1647,1901,347,60,52,22,18,26,42,22,34
211,MONTE CRISTO,"-63,94576104","-31,34487394",CAMBIEMOS,3505,2199,"48,40491645","18,03618285",3505,2199,585,258,155,79,168,133,56,31,72
184A,MONTE DE LOS GAUCHOS,"-63,88999511","-33,63793463",CAMBIEMOS,394,58,"79,11646586","67,46987952",394,58,20,6,8,2,3,1,3,1,2
390,MONTE LEÑA,"-62,59034789","-32,61230386",CAMBIEMOS,175,121,"48,74651811","15,04178273",175,121,36,8,1,1,3,0,10,2,2
391,MONTE MAIZ,"-62,60092766","-33,20608526",CAMBIEMOS,2043,1357,"46,71849989","15,68717128",2043,1357,631,62,59,45,41,29,60,19,27
327,MONTE RALO,"-64,23773014","-31,91232091",CAMBIEMOS,179,167,"46,85863874","3,141361257",179,167,12,3,3,4,5,5,1,2,1
392,MORRISON,"-62,836011","-32,59465885",CAMBIEMOS,932,547,"40,96703297","16,92307692",932,513,547,48,41,32,38,29,60,13,22
304,MORTEROS,"-62,00445485","-30,71165665",UNION POR CORDOBA,4734,4521,"45,16313681","2,032054951",4521,4734,559,149,120,71,100,52,91,40,45
393,NOETINGER,"-62,31033737","-32,36722974",CAMBIEMOS,1381,1280,"44,33386838","3,242375602",1381,1280,180,55,50,26,24,23,59,16,21
263,NONO,"-65,00338218","-31,79655967",CAMBIEMOS,602,589,"38,00505051","0,8207070707",602,589,166,82,53,14,13,11,22,10,22
213,OBISPO TREJO,"-63,41299631","-30,78116652",CAMBIEMOS,638,633,"45,47398432","0,3563791875",638,633,30,23,18,10,8,7,16,9,11
114,OLAETA,"-63,90858517","-33,04450871",CAMBIEMOS,228,207,"45,69138277","4,208416834",228,207,19,14,13,5,2,1,9,0,1
344,OLIVA,"-63,56895845","-32,03886358",CAMBIEMOS,4090,1940,"55,36753757","29,10518478",4090,1940,515,263,119,71,78,92,106,47,66
96A,OLIVARES SAN NICOLAS,"-64,85360034","-30,60216069",CAMBIEMOS,192,103,"51,89189189","24,05405405",192,103,34,7,7,5,7,1,9,5,0
67,ONAGOITY,"-63,67211377","-34,77393696",CAMBIEMOS,21,15,"48,8372093","13,95348837",21,15,2,1,0,0,1,1,1,1,0
239,ONCATIVO,"-63,68367365","-31,91382904",CAMBIEMOS,4302,2643,"48,59918662","18,74152734",4302,2643,1062,227,123,103,93,77,95,35,92
394,ORDOÑEZ,"-62,86586231","-32,84113425",UNION POR CORDOBA,867,618,"51,0901591","14,67295227",618,867,87,23,25,13,11,13,19,9,12
110A,PACHECO DE MELO,"-63,48982574","-33,75766117",UNION POR CORDOBA,43,16,"67,1875","42,1875",16,43,0,0,1,0,1,2,1,0,0
82,PALESTINA,"-63,40931536","-32,61648742",CAMBIEMOS,181,117,"44,03892944","15,57177616",181,117,61,9,13,5,4,9,5,4,3
345,PAMPAYASTA NORTE,"-63,64312961","-32,24078813",UNION POR CORDOBA,148,125,"49,49832776","7,692307692",125,148,14,3,1,1,4,0,3,0,0
346,PAMPAYASTA SUD,"-63,64688118","-32,25237465",CAMBIEMOS,582,265,"62,37942122","33,97642015",582,265,32,16,5,0,5,5,13,8,2
264,PANAHOLMA,"-65,05500033","-31,63288349",UNION POR CORDOBA,139,53,"55,6","34,4",49,139,53,2,1,1,0,1,2,2,0
395,PASCANAS,"-63,04104748","-33,12582306",CAMBIEMOS,851,707,"47,51535455","8,040201005",851,707,100,18,24,14,12,14,30,6,15
83,PASCO,"-63,34147773","-32,74759065",CAMBIEMOS,426,231,"50,71428571","23,21428571",426,231,70,17,17,4,18,19,28,4,6
51,PASO VIEJO,"-65,19125544","-30,76760079",UNION POR CORDOBA,444,243,"55,91939547","25,31486146",75,444,243,8,5,1,6,2,3,6,1
240,PILAR,"-63,88229985","-31,68092005",CAMBIEMOS,3813,2999,"42,11398277","8,990501436",3813,2999,1059,350,219,122,162,131,86,44,69
68,PINCEN,"-63,91667416","-34,83869014",UNION POR CORDOBA,75,74,"46,58385093","0,6211180124",74,75,2,1,3,0,0,0,2,0,4
214,PIQUILLIN,"-63,75793306","-31,30138639",CAMBIEMOS,627,367,"51,77539224","21,46985962",627,367,100,32,28,6,11,10,10,7,13
215,PLAZA DE MERCEDES,"-63,26039585","-30,97811942",UNION POR CORDOBA,68,45,"59,13043478",20,45,68,1,0,0,0,0,0,0,0,1
145,POCHO,"-64,91317169","-31,34192339",UNION POR CORDOBA,175,114,"56,27009646","19,61414791",114,175,9,1,1,1,4,0,4,2,0
305,PORTEÑA,"-62,06334009","-31,01488396",UNION POR CORDOBA,1860,1394,"53,09734513","13,30288324",1394,1860,79,26,30,28,16,14,28,11,17
396,POSSE,"-62,68027744","-32,88460559",CAMBIEMOS,3069,1289,"58,45714286","33,9047619",3069,1289,377,114,109,32,65,64,79,28,24
328,POTRERO DE GARAY,"-64,54416649","-31,78759183",CAMBIEMOS,391,204,"45,30706837","21,66859791",391,204,107,43,24,16,24,21,19,7,7
241,POZO DEL MOLLE,"-62,91991823","-32,02043515",CAMBIEMOS,2071,1304,"52,85860133","19,57631445",2071,1304,198,78,55,28,36,30,56,29,33
332,POZO NUEVO,"-64,10298148","-29,57784192",CAMBIEMOS,203,129,"58,67052023","21,38728324",203,129,5,0,3,0,2,0,1,3,0
306,PROSPERIDAD,"-62,36636981","-31,63147809",UNION POR CORDOBA,214,139,"56,61375661","19,84126984",139,214,13,3,2,1,2,0,4,0,0
384,PUEBLO ITALIANO,"-62,84057234","-33,88097596",CAMBIEMOS,494,213,"50,3567788","28,64424057",494,174,213,21,23,8,7,8,24,5,4
226A,PUESTO DE CASTRO,"-63,42601362","-30,26991197",UNION POR CORDOBA,125,51,"60,09615385","35,57692308",51,125,17,1,4,0,2,0,7,1,0
347,PUNTA DEL AGUA,"-63,81015129","-32,57643727",UNION POR CORDOBA,110,64,"61,11111111","25,55555556",64,110,1,1,2,0,0,0,2,0,0
99,QUILINO ESTACION,"-64,49765361","-30,21529893",CAMBIEMOS,1135,1118,"41,30276565","0,6186317322",1135,1118,136,50,70,25,35,18,90,50,21
100,QUILINO VILLA,"-64,47088014","-30,20741004",CAMBIEMOS,386,302,"47,42014742","10,31941032",386,302,36,11,20,5,13,5,24,9,3
318,RAFAEL GARCIA,"-64,25853167","-31,64676676",CAMBIEMOS,211,208,"44,79830149","0,6369426752",211,208,19,5,4,2,4,6,6,1,5
69,RANQUELES,"-64,09996653","-34,84272308",CAMBIEMOS,11,11,"37,93103448",0,11,11,5,0,1,0,1,0,0,0,0
227,RAYO CORTADO,"-63,82541328","-30,07403367",UNION POR CORDOBA,242,129,"53,65853659","25,05543237",129,242,54,2,8,4,3,1,4,2,2
116,REDUCCION,"-63,86179403","-33,20042017",CAMBIEMOS,358,344,"37,40856844","1,462904911",358,344,161,8,18,12,7,10,21,7,11
242,RINCON,"-63,61680981","-31,59584397",UNION POR CORDOBA,159,133,"48,92307692",8,133,159,14,4,3,1,6,0,3,0,2
227A,RINCONADA,"-62,94585611","-30,18412931",UNION POR CORDOBA,100,72,"48,07692308","13,46153846",72,100,12,5,6,2,1,1,6,0,3
254,RIO BAMBA,"-63,73382989","-34,05224717",UNION POR CORDOBA,35,21,"49,29577465","19,71830986",21,35,2,0,3,0,4,0,3,3,0
37,RIO CEBALLOS,"-64,30966394","-31,17581827",CAMBIEMOS,6140,2412,"49,84980109","30,2671105",6140,2412,1413,836,340,168,245,436,83,95,149
188,RIO CUARTO,"-64,3487201","-33,12529151",CAMBIEMOS,23328,14826,"47,25041016","17,2206356",23328,14826,5167,1367,954,1376,391,607,520,406,429
22,RIO DE LOS SAUCES,"-64,58770672","-32,52842019",CAMBIEMOS,264,199,"41,50943396","10,22012579",264,199,73,13,21,26,12,3,14,5,6
218,RIO PRIMERO,"-63,62186296","-31,33015363",CAMBIEMOS,2396,1787,"49,41224995","12,55929058",2396,1787,227,88,53,47,80,81,47,15,28
243,RIO SEGUNDO,"-63,9115603","-31,65013279",CAMBIEMOS,5509,3475,"45,27821156","16,71735021",5509,3475,1505,466,283,136,270,202,143,80,98
348,RIO TERCERO,"-64,12652927","-32,17008652",CAMBIEMOS,12459,8636,"44,30654339","13,59530583",12459,8636,3179,1028,583,319,358,494,564,185,315
136,ROCA,"-61,91714689","-32,73152906",UNION POR CORDOBA,649,586,"45,89816124","4,455445545",586,649,78,13,18,10,14,6,23,6,11
255,ROSALES,"-63,15404459","-34,17284281",CAMBIEMOS,177,124,"50,28409091","15,05681818",177,124,28,2,5,2,2,2,5,2,3
367,ROSARIO DEL SALADILLO,"-63,47378502","-30,43119305",UNION POR CORDOBA,157,81,"61,56862745","29,80392157",81,157,11,1,1,0,1,0,3,0,0
308,SACANTA,"-63,04532043","-31,66428756",CAMBIEMOS,975,914,"46,42857143","2,904761905",975,914,84,25,24,11,18,15,14,7,13
219,SAGRADA FAMILIA,"-63,44484051","-31,28873964",CAMBIEMOS,70,37,"58,33333333","27,5",70,37,2,2,0,0,4,4,1,0,0
137,SAIRA,"-62,10205658","-32,40781442",CAMBIEMOS,305,187,"55,353902","21,41560799",305,187,21,2,10,1,2,9,11,1,2
128A,SALADILLO,"-62,34288627","-32,9341825",UNION POR CORDOBA,55,41,"50,4587156","12,8440367",41,55,9,1,1,0,0,0,1,0,1
41A,SALDAN,"-64,31133663","-31,31237642",CAMBIEMOS,2798,2697,"37,0301747","1,336686077",2798,2697,740,427,157,88,227,205,65,60,92
146,SALSACATE,"-65,0904682","-31,31627246",UNION POR CORDOBA,642,457,"51,60771704","14,87138264",457,642,56,22,22,6,8,8,12,5,6
38,SALSIPUEDES,"-64,29064717","-31,1397973",CAMBIEMOS,2333,1432,"41,99819982","16,21962196",2333,1432,641,422,162,72,145,165,58,46,79
189,SAMPACHO,"-64,72404044","-33,38542346",CAMBIEMOS,2549,1624,"51,10264635","18,54450682",2549,1624,329,76,80,62,48,66,76,44,34
25,SAN AGUSTIN,"-64,37372796","-31,97667863",UNION POR CORDOBA,1040,821,"49,17257683","10,35460993",821,1040,67,26,23,26,24,49,22,4,13
397,SAN ANTONIO,"-62,63300902","-32,21386067",CAMBIEMOS,487,434,"48,45771144","5,273631841",487,434,32,11,8,3,5,9,4,4,8
156D,SAN ANTONIO DE ARREDONDO,"-64,52678234","-31,47111801",CAMBIEMOS,1651,608,"53,46502591","33,77590674",1651,608,377,147,60,57,44,59,29,21,35
309,SAN BARTOLOME,"-62,72373263","-31,52799898",UNION POR CORDOBA,703,303,"65,88566073","37,48828491",303,703,17,9,4,9,4,3,8,3,4
191,SAN BASILIO,"-64,31624386","-33,49743319",CAMBIEMOS,944,731,"46,61728395","10,51851852",944,731,150,23,37,33,30,12,31,19,15
142,SAN CARLOS,"-65,10168374","-31,17655616",UNION POR CORDOBA,690,369,"50,14534884","23,32848837",369,690,187,30,23,15,14,13,17,13,5
329,SAN CLEMENTE,"-64,62490047","-31,71560463",CAMBIEMOS,54,51,"40,29850746","2,23880597",54,51,10,5,5,0,4,0,5,0,0
155,SAN ESTEBAN,"-64,5360347","-30,92043078",CAMBIEMOS,121,90,"34,67048711","8,88252149",121,71,90,26,9,3,7,2,8,3,9
310A,SAN FRANCISCO SECC. NORTE,"-62,09805115","-31,37077943",UNION POR CORDOBA,8863,6986,"47,93920381","10,15253137",6986,8863,1295,471,249,100,87,164,109,95,69
310,SAN FRANCISCO SECC. SUR,"-62,08664419","-31,42858413",UNION POR CORDOBA,9482,7443,"47,62909383","10,24211372",7443,9482,1408,547,280,89,114,204,134,90,117
26B,SAN IGNACIO,"-64,51533303","-32,16601069",CAMBIEMOS,55,29,"50,92592593","24,07407407",55,29,7,5,8,2,1,0,0,1,0
330,SAN ISIDRO,"-64,38508942","-31,82513234",CAMBIEMOS,238,93,"49,8951782","30,39832285",238,93,76,21,15,5,11,7,7,1,3
274,SAN JAVIER,"-65,02937614","-32,02449724",UNION POR CORDOBA,206,141,"41,44869215","13,07847082",141,206,66,20,15,4,5,3,16,9,12
146B,SAN JERONIMO,"-65,28199056","-31,48943095",UNION POR CORDOBA,76,28,"64,95726496","41,02564103",28,76,6,0,0,1,2,0,2,1,1
256,SAN JOAQUIN,"-63,70872595","-34,51164697",UNION POR CORDOBA,49,30,49,19,30,49,13,1,1,1,0,1,3,0,1
275,SAN JOSE,"-65,31535983","-31,95785175",UNION POR CORDOBA,751,330,"51,43835616","28,83561644",330,751,217,19,28,16,23,15,27,15,19
368,SAN JOSE DE LAS SALINAS,"-64,62439529","-30,00907368",UNION POR CORDOBA,176,136,"38,76651982","8,810572687",136,176,13,0,2,0,1,4,118,2,2
261A,SAN LORENZO,"-65,02005224","-31,67083206",UNION POR CORDOBA,199,194,"36,85185185","0,9259259259",194,199,61,24,14,6,8,13,11,2,8
54,SAN MARCOS SIERRAS,"-64,64784187","-30,74552725",UNION POR CORDOBA,561,557,"33,57271095","0,2393776182",295,561,557,116,54,5,12,18,18,12,23
400,SAN MARCOS SUD,"-62,48197721","-32,63134015",CAMBIEMOS,965,703,"49,05948144","13,31977631",965,703,102,36,42,18,12,29,29,10,21
326C,SAN NICOLAS,"-64,45281702","-31,43703943",CAMBIEMOS,745,522,"41,45798553","12,40957151",745,522,192,93,48,17,74,60,17,10,19
265,SAN PEDRO,"-65,32543821","-31,65087362",UNION POR CORDOBA,1786,612,"60,8103507","39,97276132",612,1786,299,45,39,10,36,16,43,25,26
311,SAN PEDRO,"-62,11331158","-30,52667373",UNION POR CORDOBA,75,51,"55,55555556","17,77777778",51,75,4,1,0,0,1,1,2,0,0
369,SAN PEDRO NORTE,"-64,15426747","-30,09030218",CAMBIEMOS,171,78,"51,81818182","28,18181818",171,78,40,4,5,4,6,6,12,2,2
147A,SAN ROQUE,"-64,45637879","-31,35354902",CAMBIEMOS,355,331,"38,00856531","2,569593148",355,331,83,57,17,9,22,15,13,4,28
266,SAN VICENTE,"-65,42978736","-31,85258785",UNION POR CORDOBA,541,114,"69,09323116","54,53384419",114,541,50,12,21,15,8,4,8,6,4
227D,SANTA ELENA,"-63,84536014","-30,1151773",CAMBIEMOS,139,62,"53,46153846","29,61538462",139,62,31,7,7,1,3,3,4,2,1
117,SANTA EUFEMIA,"-63,28317937","-33,1769188",CAMBIEMOS,595,594,"38,11659193","0,06406149904",595,594,241,37,22,11,18,13,15,8,7
157,SANTA MARIA,"-64,46673833","-31,27848169",CAMBIEMOS,2628,1510,"46,61227386","19,82972685",2628,1510,574,309,132,53,114,112,76,34,96
401,SANTA MARIA,"-62,91433259","-33,69848061",UNION POR CORDOBA,83,52,"54,24836601","20,26143791",52,83,4,2,3,3,1,1,3,0,1
26,SANTA ROSA,"-64,53761955","-32,0710559",CAMBIEMOS,3523,2945,"42,26247601","6,93378119",3523,2945,890,313,189,86,84,95,100,48,63
244,SANTIAGO TEMPLE,"-63,41820131","-31,38810054",UNION POR CORDOBA,743,719,"44,12114014","1,425178147",719,743,103,22,22,8,15,28,15,2,7
355,SARMIENTO,"-64,11093815","-30,77540988",CAMBIEMOS,464,184,"57,21331689","34,52527744",464,184,70,17,26,6,11,6,11,10,6
265C,SAUCE ARRIBA,"-65,18217347","-31,92469304",UNION POR CORDOBA,372,101,"61,18421053","44,57236842",64,372,101,13,13,8,12,3,18,2,2
228,SEBASTIAN ELCANO,"-63,59348021","-30,16342917",CAMBIEMOS,598,481,"43,93828068","8,596620132",598,481,135,15,23,16,32,15,34,5,7
313,SEEBER,"-61,97402681","-30,92466046",UNION POR CORDOBA,300,150,"62,2406639","31,12033195",150,300,9,3,3,1,1,1,5,6,3
26A,SEGUNDA USINA,"-64,37840477","-32,16604162",UNION POR CORDOBA,81,18,"69,82758621","54,31034483",18,81,5,4,2,0,0,3,2,1,0
257,SERRANO,"-63,5375565","-34,47105145",UNION POR CORDOBA,990,782,"47,14285714","9,904761905",782,990,154,27,30,9,29,13,36,15,15
55,SERREZUELA,"-65,38681462","-30,63873198",CAMBIEMOS,671,591,"41,88514357","4,993757803",671,591,219,20,24,15,15,5,31,6,5
356,SIMBOLAR,"-63,98502879","-30,47620075",UNION POR CORDOBA,157,63,"67,09401709","40,17094017",63,157,3,3,0,1,0,4,1,1,1
357,SINSACATE,"-64,08518821","-30,94417368",CAMBIEMOS,919,354,"63,20495186","38,85832187",919,354,56,31,31,4,14,17,9,9,10
358,SITON,"-63,65206744","-30,57339632",UNION POR CORDOBA,242,69,"62,69430052","44,81865285",69,242,2,64,4,1,0,2,0,2,0
192,SUCO,"-64,83083118","-33,43985404",CAMBIEMOS,154,142,"46,38554217","3,614457831",154,142,15,2,7,1,3,0,4,4,0
156E,TALA HUASI,"-64,56452857","-31,47162108",CAMBIEMOS,72,50,"44,44444444","13,58024691",72,50,19,2,2,0,7,6,2,0,2
142A,TALAINI,"-65,16717518","-31,25066125",UNION POR CORDOBA,83,13,"77,57009346","65,42056075",13,83,6,2,0,0,1,0,2,0,0
349,TANCACHA,"-63,97952997","-32,24071615",CAMBIEMOS,1472,1436,"42,35971223","1,035971223",1472,1436,199,119,56,25,28,44,53,16,27
158,TANTI,"-64,57539746","-31,35856747",CAMBIEMOS,1920,814,"45,07042254","25,96244131",1920,814,795,221,86,111,84,95,51,27,56
87,TICINO,"-63,43715445","-32,69320332",CAMBIEMOS,719,315,"54,01953418","30,35311796",719,315,103,37,43,21,18,9,41,9,16
29A,TINOCO,"-63,89136288","-31,12453134",UNION POR CORDOBA,165,47,"72,36842105","51,75438596",47,165,8,0,2,2,0,0,2,2,0
88,TIO PUJIO,"-63,35401687","-32,28737448",CAMBIEMOS,960,731,"45,84527221","10,93600764",960,731,157,72,56,21,21,21,35,11,9
331,TOLEDO,"-64,00804349","-31,55707466",UNION POR CORDOBA,1270,1174,"39,92455203","3,017918893",1174,1270,281,124,66,28,83,69,34,26,26
295A,TORO PUJIO,"-62,98615185","-31,10964711",CAMBIEMOS,139,32,"73,93617021","56,91489362",139,32,6,2,4,2,1,0,1,1,0
138D,TOSNO,"-65,31005913","-30,96036989",UNION POR CORDOBA,72,8,"78,26086957","69,56521739",7,72,8,3,0,0,1,0,1,0,0
193,TOSQUITA,"-64,45793956","-33,81953189",CAMBIEMOS,185,92,"49,07161804","24,66843501",185,92,48,5,14,5,4,5,11,7,1
314,TRANSITO,"-63,19539938","-31,42608508",UNION POR CORDOBA,1095,844,"49,25775978","11,29104813",844,1095,111,31,37,16,20,21,23,11,14
57,TUCLAME,"-65,23676092","-30,74813084",UNION POR CORDOBA,535,140,"62,42707118","46,09101517",140,535,118,8,22,5,11,3,11,3,1
371,TULUMBA,"-64,12259922","-30,39607509",UNION POR CORDOBA,577,428,"51,88848921","13,39928058",428,577,47,21,8,4,7,3,7,6,4
118,UCACHA,"-63,50776236","-33,03266592",CAMBIEMOS,1578,1010,"46,76941316","16,83461766",1578,1010,348,98,114,46,32,35,57,29,27
40,UNQUILLO,"-64,31772969","-31,232943",CAMBIEMOS,4734,2761,"42,23391917","17,60192702",4734,2761,1488,820,277,125,292,301,75,149,187
316F,VALLE DE ANIZACATE,"-64,41851465","-31,73432382",CAMBIEMOS,292,189,"39,83628922","14,05184175",292,189,123,43,14,15,19,17,9,4,8
159,VALLE HERMOSO,"-64,47726565","-31,12325275",CAMBIEMOS,1596,1145,"42,56","12,02666667",1596,1145,434,172,93,48,84,59,46,28,45
20B,VI.CIUD.PQUE.LOS REARTES,"-64,54539858","-31,90871557",CAMBIEMOS,297,292,"30,46153846","0,5128205128",297,292,273,56,14,9,6,6,7,5,10
402,VIAMONTE,"-63,09890823","-33,74811505",UNION POR CORDOBA,545,405,"52,10325048","13,38432122",405,545,29,10,14,3,8,3,15,7,7
183,VICUÑA MACKENNA,"-64,3910136","-33,91940131",CAMBIEMOS,3392,1269,"55,09176547","34,48107845",3392,1269,710,149,170,109,88,63,102,52,53
315,VIGNAUD,"-61,9563501","-30,84208603",UNION POR CORDOBA,243,218,"47,09302326","4,84496124",218,243,14,9,11,2,2,2,7,2,6
41,VILLA ALLENDE,"-64,29499587","-31,29317643",CAMBIEMOS,11119,3891,"53,17551411","34,56719273",11119,3891,2049,1033,459,287,824,792,86,155,215
15A,VILLA AMANCAY,"-64,56855223","-32,18747489",UNION POR CORDOBA,92,51,"46,46464646","20,70707071",51,92,38,3,7,0,2,0,0,3,2
156,VILLA CARLOS PAZ,"-64,50589536","-31,43000307",CAMBIEMOS,19258,6966,"55,13312339","35,19038076",19258,6966,3716,1563,754,533,707,571,335,193,334
31B,VILLA CERRO AZUL,"-64,31972086","-31,07117517",UNION POR CORDOBA,80,76,"30,3030303","1,515151515",76,80,61,24,8,1,1,5,3,2,3
328B,VILLA CIUDAD DE AMERICA,"-64,51224995","-31,79547099",CAMBIEMOS,299,226,"48,30371567","11,79321486",299,226,22,12,10,9,13,12,3,8,5
229,VILLA DE MARIA,"-63,72248509","-29,90300343",UNION POR CORDOBA,1380,1236,"43,94904459","4,585987261",1236,1380,208,59,64,27,41,15,74,19,17
24A,VILLA DEL DIQUE,"-64,45590244","-32,17530175",CAMBIEMOS,877,813,"37,6556462","2,747960498",877,813,353,92,54,26,29,16,38,14,17
245,VILLA DEL ROSARIO,"-63,53414367","-31,55499083",CAMBIEMOS,4685,3372,"50,01601366","14,01729476",4685,3372,504,207,115,101,110,97,67,34,75
359,VILLA DEL TOTORAL,"-64,06779076","-30,70473737",CAMBIEMOS,2716,2192,"48,06228986","9,272695098",2716,2192,350,88,75,31,46,45,48,21,39
178B,VILLA EL CHACAY,"-64,86758619","-32,89393273",UNION POR CORDOBA,40,28,"43,95604396","13,18681319",28,40,14,2,2,3,1,0,1,0,0
316G,VILLA EL PRADO,"-64,38754874","-31,61847272",CAMBIEMOS,462,334,"40,77669903","11,29744042",462,334,132,59,40,11,29,15,12,24,15
131A,VILLA ELISA,"-62,29401461","-32,83382242",CAMBIEMOS,15,9,"53,57142857","21,42857143",15,9,0,0,2,0,0,1,0,0,1
222,VILLA FONTANA,"-63,11592028","-30,89496706",CAMBIEMOS,403,178,"62,57763975","34,9378882",403,178,10,7,18,4,3,6,11,3,1
20A,VILLA GENERAL BELGRANO,"-64,55873051","-31,97947506",CAMBIEMOS,2885,1287,"52,70369017","29,19254658",2885,1287,637,191,152,68,48,64,58,28,56
152A,VILLA GIARDINO,"-64,49358392","-31,03276459",CAMBIEMOS,1681,779,"47,06047032","25,25195969",1681,779,477,158,112,55,77,109,45,26,53
91C,VILLA GUTIERREZ,"-64,16017833","-30,6791193",UNION POR CORDOBA,140,57,"61,67400881","36,56387665",57,140,5,6,6,3,1,3,5,1,0
70,VILLA HUIDOBRO,"-64,58404534","-34,83854399",UNION POR CORDOBA,1707,1137,"52,89742795","17,66346452",1137,1707,142,35,51,22,25,16,45,25,22
316H,VILLA LA BOLSA,"-64,42858587","-31,72861879",CAMBIEMOS,398,131,"48,30097087","32,40291262",398,130,131,55,23,6,14,45,12,2,8
316I,VILLA LOS AROMOS,"-64,43803347","-31,73484912",CAMBIEMOS,316,154,"45,4676259","23,30935252",316,154,97,49,19,3,16,24,3,6,8
396A,VILLA LOS PATOS,"-62,72874192","-32,76646122",CAMBIEMOS,23,2,"85,18518519","77,77777778",23,1,2,0,0,0,0,0,0,0,1
89,VILLA MARIA,"-63,2423113","-32,40808284",CAMBIEMOS,22698,11541,"46,89378758","23,05022416",22698,11541,7403,1540,1233,567,535,1003,1006,374,503
90,VILLA NUEVA,"-63,24911853","-32,43177387",CAMBIEMOS,4686,4054,"38,96233475","5,254843269",4686,4054,1826,309,319,130,142,154,231,79,97
316J,VILLA PARQUE SANTA ANA,"-64,34706789","-31,59218535",CAMBIEMOS,817,509,"39,64095099","14,94420184",817,509,281,136,59,27,90,71,14,25,32
147B,VILLA PARQUE SIQUIMAN,"-64,48989192","-31,35477543",CAMBIEMOS,733,316,"52,24518888","29,72202423",733,316,149,71,26,7,26,30,10,16,19
18D,VILLA QUILLINZO,"-64,51471319","-32,2345554",UNION POR CORDOBA,67,43,"52,34375","18,75",43,67,4,1,1,2,0,0,9,0,1
258,VILLA ROSSI,"-63,2695947","-34,29719234",UNION POR CORDOBA,211,154,"49,64705882","13,41176471",154,211,23,7,5,2,9,2,6,2,4
288A,VILLA SAN ESTEBAN,"-62,89660781","-31,63417348",UNION POR CORDOBA,82,30,"67,21311475","42,62295082",30,82,2,3,0,0,3,1,1,0,0
158C,VILLA SANTA CRUZ DEL LAGO,"-64,5192431","-31,36745282",CAMBIEMOS,930,354,"49,73262032","30,80213904",930,354,297,111,33,21,38,35,22,11,18
220,VILLA SANTA ROSA,"-63,40280048","-31,15203873",CAMBIEMOS,2009,1579,"46,25834676","9,900990099",2009,1579,460,59,38,27,31,34,46,29,31
265A,VILLA SARMIENTO,"-65,19177321","-31,93764785",UNION POR CORDOBA,1361,998,"43,97415186","11,72859451",998,1361,398,64,108,23,37,19,47,20,20
71,VILLA SARMIENTO,"-64,72383973","-34,12258552",UNION POR CORDOBA,92,54,"44,23076923","18,26923077",54,92,44,2,3,1,3,0,5,2,2
72,VILLA VALERIA,"-64,92056759","-34,34065189",CAMBIEMOS,833,618,"46,64053751","12,03807391",833,618,198,14,24,11,18,8,42,8,12
23,VILLA YACANTO,"-64,75344897","-32,10447858",UNION POR CORDOBA,655,268,"58,11889973","34,33895297",268,655,116,26,15,2,10,12,10,7,6
194,WASHINGTON,"-64,6902057","-33,87518539",CAMBIEMOS,184,75,"48,93617021","28,9893617",184,75,66,4,14,7,5,5,11,3,2
276,YACANTO,"-65,02937614","-32,02449724",UNION POR CORDOBA,331,237,"40,51407589","11,50550796",237,331,117,49,22,3,9,9,18,18,4
156A,YCHO CRUZ,"-64,56474247","-31,48093378",CAMBIEMOS,592,247,"46,28616106","26,97419859",592,247,239,63,42,11,28,21,12,13,11
326A,YOCSINA,"-64,36987604","-31,44516079",CAMBIEMOS,1084,552,"51,05982101","25,05887894",1084,552,160,102,44,17,59,60,10,19,16
101,#N/A,#N/A,#N/A,CAMBIEMOS,26,16,"49,05660377","18,86792453",26,16,8,1,0,0,1,0,0,0,1
106,#N/A,#N/A,#N/A,CAMBIEMOS,3111,2007,"47,78067885","16,95592075",3111,2007,557,194,124,83,83,118,129,39,66
116A,#N/A,#N/A,#N/A,CAMBIEMOS,66,17,"69,47368421","51,57894737",66,17,8,0,0,0,2,0,1,1,0
121,#N/A,#N/A,#N/A,UNION POR CORDOBA,643,633,"44,0109514","0,6844626968",633,643,62,24,22,9,19,8,19,13,9
122,#N/A,#N/A,#N/A,UNION POR CORDOBA,121,41,"62,05128205","41,02564103",41,121,13,6,3,2,3,1,3,1,1
130,#N/A,#N/A,#N/A,UNION POR CORDOBA,239,169,"49,48240166","14,49275362",169,239,49,6,4,3,3,1,5,1,3
138A,#N/A,#N/A,#N/A,UNION POR CORDOBA,9,1,90,80,1,9,0,0,0,0,0,0,0,0,0
138B,#N/A,#N/A,#N/A,UNION POR CORDOBA,42,8,70,"56,66666667",5,42,8,1,1,0,0,0,1,2,0
139A,#N/A,#N/A,#N/A,UNION POR CORDOBA,34,7,"77,27272727","61,36363636",2,34,7,0,0,1,0,0,0,0,0
140,#N/A,#N/A,#N/A,UNION POR CORDOBA,48,21,"53,33333333",30,21,48,13,2,1,0,2,0,1,2,0
140A,#N/A,#N/A,#N/A,UNION POR CORDOBA,38,8,"79,16666667","62,5",8,38,2,0,0,0,0,0,0,0,0
141,#N/A,#N/A,#N/A,UNION POR CORDOBA,15,8,"57,69230769","26,92307692",8,15,2,0,0,0,0,0,1,0,0
144A,#N/A,#N/A,#N/A,UNION POR CORDOBA,24,4,"72,72727273","60,60606061",2,24,4,1,2,0,0,0,0,0,0
144B,#N/A,#N/A,#N/A,UNION POR CORDOBA,8,3,"61,53846154","38,46153846",2,8,3,0,0,0,0,0,0,0,0
146A,#N/A,#N/A,#N/A,UNION POR CORDOBA,112,30,"66,27218935","48,52071006",30,112,13,1,1,2,2,1,4,2,1
160A,#N/A,#N/A,#N/A,CAMBIEMOS,112,54,"58,03108808","30,05181347",112,54,8,6,2,3,3,1,3,0,1
165,#N/A,#N/A,#N/A,UNION POR CORDOBA,7650,7572,"37,5699833","0,3830664964",7572,7650,2640,557,461,528,151,216,216,185,186
16A,#N/A,#N/A,#N/A,CAMBIEMOS,25,19,"40,98360656","9,836065574",25,19,12,1,0,1,1,0,1,1,0
16B,#N/A,#N/A,#N/A,FRENTE CORDOBA CIUDADANA,2,1,50,25,1,1,2,0,0,0,0,0,0,0,0
16C,#N/A,#N/A,#N/A,CAMBIEMOS,25,25,"34,24657534",0,25,25,4,5,5,0,6,1,2,0,0
171,#N/A,#N/A,#N/A,CAMBIEMOS,27,19,"34,61538462","10,25641026",27,19,12,4,5,3,0,0,5,2,1
172,#N/A,#N/A,#N/A,CAMBIEMOS,1599,1141,"46,94656489","13,44685849",1599,1141,295,64,59,87,37,27,48,23,26
173,#N/A,#N/A,#N/A,CAMBIEMOS,4,1,80,60,4,0,1,0,0,0,0,0,0,0,0
174,#N/A,#N/A,#N/A,CAMBIEMOS,126,57,63,"34,5",126,57,11,0,1,0,0,1,1,3,0
175,#N/A,#N/A,#N/A,CAMBIEMOS,20,14,"42,55319149","12,76595745",20,14,7,1,2,1,0,0,0,1,1
176,#N/A,#N/A,#N/A,CAMBIEMOS,22,14,"52,38095238","19,04761905",22,14,4,0,0,0,1,0,1,0,0
178,#N/A,#N/A,#N/A,UNION POR CORDOBA,15,7,"37,5",20,7,15,7,1,2,1,3,2,0,2,0
181,#N/A,#N/A,#N/A,UNION POR CORDOBA,49,33,"41,52542373","13,55932203",33,49,13,1,5,6,3,3,4,1,0
185,#N/A,#N/A,#N/A,CAMBIEMOS,1,0,100,100,1,0,0,0,0,0,0,0,0,0,0
186,#N/A,#N/A,#N/A,UNION POR CORDOBA,7487,4497,"46,61312414","18,61536546",4497,7487,2189,391,401,271,171,170,199,140,146
187,#N/A,#N/A,#N/A,CAMBIEMOS,18,12,"33,96226415","11,32075472",18,12,6,6,3,0,1,1,3,0,3
18B,#N/A,#N/A,#N/A,UNION POR CORDOBA,77,64,"49,35897436","8,333333333",64,77,4,4,3,1,2,0,0,1,0
190,#N/A,#N/A,#N/A,CAMBIEMOS,38,27,"52,05479452","15,06849315",38,27,2,1,2,1,1,0,1,0,0
198,#N/A,#N/A,#N/A,UNION POR CORDOBA,325,242,"45,45454545","11,60839161",242,325,60,15,11,6,16,17,12,5,6
203,#N/A,#N/A,#N/A,UNION POR CORDOBA,171,98,"59,58188153","25,43554007",98,171,3,3,2,1,4,1,1,2,1
206,#N/A,#N/A,#N/A,CAMBIEMOS,31,2,"86,11111111","80,55555556",31,2,0,1,0,1,0,0,0,1,0
210,#N/A,#N/A,#N/A,CAMBIEMOS,19,11,"44,18604651","18,60465116",19,11,5,1,0,2,2,1,1,0,1
212,#N/A,#N/A,#N/A,CAMBIEMOS,48,39,"50,52631579","9,473684211",48,39,3,0,0,0,1,0,3,1,0
216,#N/A,#N/A,#N/A,CAMBIEMOS,12,11,50,"4,166666667",12,11,0,1,0,0,0,0,0,0,0
217,#N/A,#N/A,#N/A,CAMBIEMOS,29,21,"53,7037037","14,81481481",29,21,2,0,0,1,1,0,0,0,0
221,#N/A,#N/A,#N/A,CAMBIEMOS,36,34,"48,64864865","2,702702703",36,34,0,0,0,0,0,0,2,1,1
224,#N/A,#N/A,#N/A,CAMBIEMOS,5,4,"38,46153846","7,692307692",5,4,3,1,0,0,0,0,0,0,0
225A,#N/A,#N/A,#N/A,UNION POR CORDOBA,17,4,68,52,4,17,3,0,0,0,0,0,0,1,0
237B,#N/A,#N/A,#N/A,UNION POR CORDOBA,88,27,"64,23357664","44,52554745",27,88,16,0,1,1,0,0,3,0,1
24,#N/A,#N/A,#N/A,CAMBIEMOS,468,335,"41,56305506","11,81172291",468,335,197,43,28,8,9,10,12,6,10
242A,#N/A,#N/A,#N/A,CAMBIEMOS,4,1,80,60,4,1,0,0,0,0,0,0,0,0,0
252,#N/A,#N/A,#N/A,CAMBIEMOS,2262,1068,"61,25101543","32,33143786",2262,1068,139,35,45,29,14,23,47,12,19
259,#N/A,#N/A,#N/A,UNION POR CORDOBA,8,2,80,60,2,8,0,0,0,0,0,0,0,0,0
260A,#N/A,#N/A,#N/A,UNION POR CORDOBA,13,4,"72,22222222",50,4,13,1,0,0,0,0,0,0,0,0
261B,#N/A,#N/A,#N/A,UNION POR CORDOBA,10,6,"52,63157895","21,05263158",6,10,0,0,1,0,1,0,1,0,0
263A,#N/A,#N/A,#N/A,UNION POR CORDOBA,26,14,"40,625","18,75",14,26,1,4,2,2,2,2,6,3,2
263B,#N/A,#N/A,#N/A,UNION POR CORDOBA,5,2,"45,45454545","27,27272727",1,5,0,2,0,1,1,0,1,0,0
264A,#N/A,#N/A,#N/A,UNION POR CORDOBA,54,29,"42,51968504","19,68503937",29,54,26,2,0,1,2,6,7,0,0
265B,#N/A,#N/A,#N/A,UNION POR CORDOBA,15,7,"44,11764706","23,52941176",6,15,7,1,0,0,3,0,1,1,0
266A,#N/A,#N/A,#N/A,UNION POR CORDOBA,36,11,"65,45454545","45,45454545",7,36,11,0,0,0,0,0,0,1,0
268,#N/A,#N/A,#N/A,UNION POR CORDOBA,7256,7211,"39,66327758","0,2459822893",7211,7256,1723,603,314,199,237,173,310,114,154
269A,#N/A,#N/A,#N/A,UNION POR CORDOBA,152,51,"56,2962963","37,40740741",51,152,36,3,6,3,1,5,9,2,2
269B,#N/A,#N/A,#N/A,UNION POR CORDOBA,14,4,"73,68421053","52,63157895",4,14,1,0,0,0,0,0,0,0,0
27,#N/A,#N/A,#N/A,CAMBIEMOS,1179,514,"51,73321632","29,17946468",1179,514,233,105,44,23,39,67,33,17,25
270,#N/A,#N/A,#N/A,UNION POR CORDOBA,1422,932,"42,22090261","14,54869359",932,1422,588,187,72,31,35,31,31,13,26
279A,#N/A,#N/A,#N/A,UNION POR CORDOBA,123,61,"52,78969957","26,60944206",61,123,10,0,12,4,4,5,12,0,2
281,#N/A,#N/A,#N/A,CAMBIEMOS,31,30,"42,46575342","1,369863014",31,30,2,2,2,0,0,0,3,2,1
286,#N/A,#N/A,#N/A,CAMBIEMOS,52,35,"47,70642202","15,59633028",52,35,8,0,5,1,3,1,2,1,1
287,#N/A,#N/A,#N/A,UNION POR CORDOBA,32,20,50,"18,75",20,32,3,1,0,1,1,0,4,1,1
28A,#N/A,#N/A,#N/A,CAMBIEMOS,3935,3259,"41,52157856","7,133058985",3935,3259,670,495,222,109,296,299,57,36,99
302,#N/A,#N/A,#N/A,CAMBIEMOS,31,17,"55,35714286",25,31,17,4,0,4,0,0,0,0,0,0
312,#N/A,#N/A,#N/A,CAMBIEMOS,6,5,"54,54545455","9,090909091",6,5,0,0,0,0,0,0,0,0,0
317,#N/A,#N/A,#N/A,CAMBIEMOS,104,75,"42,10526316","11,74089069",104,75,32,16,5,2,6,3,0,3,1
320,#N/A,#N/A,#N/A,UNION POR CORDOBA,1,0,100,100,0,1,0,0,0,0,0,0,0,0,0
322,#N/A,#N/A,#N/A,CAMBIEMOS,11,10,"52,38095238","4,761904762",11,10,0,0,0,0,0,0,0,0,0
326B,#N/A,#N/A,#N/A,CAMBIEMOS,649,384,"47,68552535","19,47097722",649,384,108,57,26,21,46,54,8,4,4
330A,#N/A,#N/A,#N/A,CAMBIEMOS,166,91,"43,7994723","19,78891821",166,91,69,11,16,3,5,5,4,5,4
354,#N/A,#N/A,#N/A,UNION POR CORDOBA,52,47,"35,86206897","3,448275862",47,52,23,7,2,2,5,2,3,2,0
36,#N/A,#N/A,#N/A,CAMBIEMOS,143,77,"56,07843137","25,88235294",143,77,15,2,4,4,2,5,1,1,1
360B,#N/A,#N/A,#N/A,CAMBIEMOS,19,18,38,2,19,18,3,3,2,0,2,1,1,1,0
362,#N/A,#N/A,#N/A,CAMBIEMOS,5,3,"55,55555556","22,22222222",5,1,3,0,0,0,0,0,0,0,0
363,#N/A,#N/A,#N/A,UNION POR CORDOBA,13,2,"86,66666667","73,33333333",2,13,0,0,0,0,0,0,0,0,0
365,#N/A,#N/A,#N/A,UNION POR CORDOBA,2,0,100,100,0,2,0,0,0,0,0,0,0,0,0
370,#N/A,#N/A,#N/A,UNION POR CORDOBA,10,7,"32,25806452","9,677419355",6,10,7,1,2,1,1,0,3,0,0
370A,#N/A,#N/A,#N/A,UNION POR CORDOBA,5,4,"55,55555556","11,11111111",4,5,0,0,0,0,0,0,0,0,0
39,#N/A,#N/A,#N/A,UNION POR CORDOBA,15,11,"51,72413793","13,79310345",11,15,0,1,0,0,1,1,0,0,0
43,#N/A,#N/A,#N/A,CAMBIEMOS,5,4,"29,41176471","5,882352941",5,4,2,0,1,0,1,0,3,1,0
47,#N/A,#N/A,#N/A,UNION POR CORDOBA,22,13,40,"16,36363636",12,22,13,1,2,1,4,0,0,0,0
49,#N/A,#N/A,#N/A,CAMBIEMOS,20,17,"33,33333333",5,20,16,17,2,2,1,1,0,0,0,1
51A,#N/A,#N/A,#N/A,CAMBIEMOS,18,18,"36,73469388",0,18,18,11,1,0,0,1,0,0,0,0
52,#N/A,#N/A,#N/A,UNION POR CORDOBA,24,21,"35,29411765","4,411764706",21,24,14,2,1,0,4,0,2,0,0
53,#N/A,#N/A,#N/A,UNION POR CORDOBA,2,1,40,20,1,2,1,0,0,0,0,1,0,0,0
53A,#N/A,#N/A,#N/A,FRENTE CORDOBA CIUDADANA,7,4,"53,84615385","23,07692308",4,0,7,1,1,0,0,0,0,0,0
53B,#N/A,#N/A,#N/A,CAMBIEMOS,4,2,"66,66666667","33,33333333",4,2,0,0,0,0,0,0,0,0,0
54A,#N/A,#N/A,#N/A,CAMBIEMOS,26,9,"60,46511628","39,53488372",26,9,6,0,2,0,0,0,0,0,0
56,#N/A,#N/A,#N/A,CAMBIEMOS,1948,1271,"48,05130735","16,69955599",1948,1271,384,106,72,36,48,67,56,26,40
58,#N/A,#N/A,#N/A,UNION POR CORDOBA,122,56,"61,61616162","33,33333333",56,122,2,2,3,1,3,6,2,1,0
65,#N/A,#N/A,#N/A,CAMBIEMOS,12,1,"85,71428571","78,57142857",12,0,0,1,0,0,1,0,0,0,0
81,#N/A,#N/A,#N/A,CAMBIEMOS,28,6,"66,66666667","52,38095238",28,6,3,2,0,0,0,1,2,0,0
84,#N/A,#N/A,#N/A,CAMBIEMOS,10,6,50,20,10,6,3,0,1,0,0,0,0,0,0
86,#N/A,#N/A,#N/A,CAMBIEMOS,289,98,"64,94382022","42,92134831",289,98,27,5,9,2,2,2,5,2,4
91A,#N/A,#N/A,#N/A,CAMBIEMOS,4,4,"36,36363636",0,4,3,4,0,0,0,0,0,0,0,0
97,#N/A,#N/A,#N/A,CAMBIEMOS,22,9,55,"32,5",22,9,7,0,0,0,0,1,0,1,0
98,#N/A,#N/A,#N/A,CAMBIEMOS,11,10,"34,375","3,125",11,9,10,0,0,0,1,1,0,0,0